id,first_name,last_name,email,gender,ip_address
1,Shari,Pond,spond0@mapy.cz,Female,149.22.51.200
2,Jessamine,Hallowes,jhallowes1@prnewswire.com,Female,181.139.115.121
3,Dahlia,Grand,dgrand2@npr.org,Female,46.30.247.185
4,Floria,Vial,fvial3@jugem.jp,Female,216.32.33.126
5,Mauricio,Ablewhite,mablewhite4@tinyurl.com,Male,76.43.154.155
6,Dana,Ungerechts,dungerechts5@reddit.com,Female,53.80.209.19
7,Tyrone,Jirek,tjirek6@nifty.com,Male,118.130.146.1
8,Vivien,Perulli,vperulli7@ehow.com,Female,251.221.18.165
9,Filippa,Ghidini,fghidini8@irs.gov,Female,201.219.121.38
10,Carmelle,Angier,cangier9@indiatimes.com,Female,2.43.175.204
11,Elsworth,Maddin,emaddina@ted.com,Male,21.134.89.231
12,Merrick,Witchalls,mwitchallsb@edublogs.org,Male,173.30.23.128
13,Gerick,Cohen,gcohenc@fema.gov,Male,131.15.170.44
14,Herman,Stilling,hstillingd@google.cn,Male,8.186.163.130
15,Neala,Macer,nmacere@epa.gov,Female,7.127.133.188
16,Susy,Dungey,sdungeyf@lycos.com,Female,252.205.10.2
17,Albert,Smallridge,asmallridgeg@google.com,Male,115.196.82.171
18,Meaghan,Fulham,mfulhamh@harvard.edu,Female,59.238.27.35
19,Dulcia,Feronet,dferoneti@privacy.gov.au,Female,10.220.39.56
20,Claudius,Kislingbury,ckislingburyj@reverbnation.com,Male,177.255.124.108
21,Raymond,Margetson,rmargetsonk@smugmug.com,Male,37.189.50.113
22,Gaylor,Lourens,glourensl@acquirethisname.com,Male,38.147.168.187
23,Allx,Sloper,asloperm@ihg.com,Female,76.254.109.154
24,Sergei,Trundle,strundlen@liveinternet.ru,Male,21.11.82.184
25,Marvin,Alessandrelli,malessandrellio@patch.com,Male,125.4.232.111
26,Palm,Nield,pnieldp@a8.net,Male,81.66.124.172
27,Diandra,Kerr,dkerrq@webnode.com,Female,174.110.54.30
28,Murdock,Dover,mdoverr@sogou.com,Male,240.96.170.68
29,Hilly,Lapley,hlapleys@usnews.com,Male,80.202.124.207
30,Rodolfo,Marian,rmariant@google.com.au,Male,217.4.111.225
31,Zaccaria,Craigg,zcraiggu@163.com,Male,83.125.222.189
32,Lazar,Heaviside,lheavisidev@last.fm,Male,230.199.8.104
33,Joanne,Penfold,jpenfoldw@sphinn.com,Female,243.101.138.201
34,Atlanta,Pymer,apymerx@soup.io,Female,53.26.87.70
35,Osbourne,Beeck,obeecky@youtube.com,Male,34.152.207.235
36,Cordey,Tait,ctaitz@fda.gov,Female,183.207.205.115
37,Dare,Figge,dfigge10@arizona.edu,Male,65.11.129.43
38,Chick,Cunnane,ccunnane11@tiny.cc,Male,202.235.96.68
39,Cassie,McClinton,cmcclinton12@admin.ch,Male,49.149.164.158
40,Randene,Fewkes,rfewkes13@istockphoto.com,Female,180.1.232.42
41,Helen-elizabeth,Rantoul,hrantoul14@deviantart.com,Female,140.170.153.156
42,Pietrek,Roddick,proddick15@about.me,Male,96.217.156.79
43,Florie,Eldredge,feldredge16@redcross.org,Female,59.127.202.18
44,Alvan,Freezer,afreezer17@fda.gov,Male,36.135.109.150
45,Thelma,MacCorley,tmaccorley18@hhs.gov,Female,21.224.2.39
46,Antons,Bromwich,abromwich19@va.gov,Male,114.230.205.41
47,Ulrikaumeko,Filintsev,ufilintsev1a@shutterfly.com,Female,179.96.34.46
48,Helena,Morton,hmorton1b@godaddy.com,Female,105.27.108.87
49,Clemmy,Watton,cwatton1c@mayoclinic.com,Male,203.30.75.185
50,Merrielle,Romei,mromei1d@indiegogo.com,Female,56.111.219.144
51,Derick,Haizelden,dhaizelden1e@cyberchimps.com,Male,136.137.174.205
52,Jarvis,Farnhill,jfarnhill1f@washington.edu,Male,252.231.158.183
53,Abner,Human,ahuman1g@blinklist.com,Male,39.103.203.45
54,George,Bolte,gbolte1h@hhs.gov,Male,225.215.82.180
55,Mark,Northcote,mnorthcote1i@ed.gov,Male,31.162.185.203
56,Darrell,Mac Giolla Pheadair,dmacgiollapheadair1j@miibeian.gov.cn,Male,241.77.156.242
57,Halie,Roake,hroake1k@zdnet.com,Female,12.181.132.45
58,Thorn,Kernocke,tkernocke1l@spotify.com,Male,149.2.132.82
59,Dredi,Greenset,dgreenset1m@amazon.com,Female,143.176.6.212
60,Celina,McDuffie,cmcduffie1n@columbia.edu,Female,163.72.254.62
61,Brice,Foale,bfoale1o@paypal.com,Male,245.200.187.46
62,Lyn,Blackstock,lblackstock1p@theglobeandmail.com,Male,184.44.103.90
63,Adrienne,Franzonetti,afranzonetti1q@ucoz.com,Female,38.193.194.53
64,Constantino,Fills,cfills1r@census.gov,Male,228.91.134.206
65,Hal,Chree,hchree1s@homestead.com,Male,67.0.201.245
66,Crista,Wordley,cwordley1t@networksolutions.com,Female,95.214.206.99
67,Lilia,Ogborne,logborne1u@slate.com,Female,46.200.91.155
68,Virgina,Chatell,vchatell1v@sbwire.com,Female,116.54.27.59
69,Neils,Kerner,nkerner1w@seesaa.net,Male,251.233.146.108
70,Lauren,Voice,lvoice1x@de.vu,Female,211.76.132.55
71,Quinn,Tschersich,qtschersich1y@tripadvisor.com,Female,159.243.241.217
72,Brena,MacAulay,bmacaulay1z@moonfruit.com,Female,64.62.175.67
73,Mortie,Inge,minge20@newyorker.com,Male,18.245.181.8
74,Florian,Goracci,fgoracci21@mac.com,Male,79.91.115.77
75,Jeanine,Piegrome,jpiegrome22@live.com,Female,144.84.53.90
76,Lamar,Brunt,lbrunt23@stumbleupon.com,Male,52.242.76.50
77,Clovis,Stacy,cstacy24@nymag.com,Female,195.27.204.57
78,Christalle,Le Brun,clebrun25@slate.com,Female,21.85.9.215
79,Mitch,Ickovits,mickovits26@yellowpages.com,Male,201.107.85.135
80,Elianora,Ellwand,eellwand27@wikispaces.com,Female,112.51.81.11
81,Winny,Cardello,wcardello28@hibu.com,Male,234.7.1.98
82,Adelina,Ingray,aingray29@hao123.com,Female,3.64.27.35
83,Herc,Astle,hastle2a@oaic.gov.au,Male,146.221.127.140
84,Eduardo,Rawsthorne,erawsthorne2b@amazon.com,Male,3.227.134.153
85,Audre,Gillbanks,agillbanks2c@amazon.co.uk,Female,164.121.94.150
86,Naomi,Lounds,nlounds2d@answers.com,Female,47.23.73.204
87,Rawley,Purrington,rpurrington2e@jugem.jp,Male,173.184.190.99
88,Anjanette,O' Bee,aobee2f@globo.com,Female,233.208.181.217
89,Hillyer,Slemming,hslemming2g@nih.gov,Male,76.74.21.56
90,Loreen,McElroy,lmcelroy2h@seesaa.net,Female,68.194.1.139
91,Winthrop,Tarplee,wtarplee2i@walmart.com,Male,111.18.1.235
92,Rosemonde,Juszczak,rjuszczak2j@omniture.com,Female,183.37.51.63
93,Monti,Landsberg,mlandsberg2k@purevolume.com,Male,103.106.26.167
94,Martina,Patey,mpatey2l@indiatimes.com,Female,215.150.70.51
95,Vanni,Grinnov,vgrinnov2m@indiatimes.com,Female,5.105.101.24
96,Quintin,De Anesy,qdeanesy2n@economist.com,Male,227.35.12.125
97,Jamie,Willoughey,jwilloughey2o@istockphoto.com,Male,234.71.151.112
98,Ailee,Rodway,arodway2p@goo.gl,Female,160.46.146.139
99,Brucie,MacKnocker,bmacknocker2q@smh.com.au,Male,46.183.144.152
100,Kahlil,Kearney,kkearney2r@so-net.ne.jp,Male,191.126.150.190
101,Vlad,Pattington,vpattington2s@nydailynews.com,Male,104.145.121.147
102,Ben,Redgate,bredgate2t@ca.gov,Male,29.111.218.162
103,Venita,Sogg,vsogg2u@miibeian.gov.cn,Female,131.27.35.188
104,Kippy,Rudolf,krudolf2v@bandcamp.com,Male,114.148.51.62
105,Hill,Stormont,hstormont2w@hao123.com,Male,39.151.236.158
106,Britni,Benion,bbenion2x@theguardian.com,Female,87.172.21.37
107,Dominic,Glaysher,dglaysher2y@parallels.com,Male,213.134.227.126
108,Chickie,Vigrass,cvigrass2z@jugem.jp,Male,85.182.203.225
109,Phylis,Eliyahu,peliyahu30@indiegogo.com,Female,10.178.8.88
110,Blondy,Feaster,bfeaster31@tmall.com,Female,131.3.82.162
111,Daron,Staddom,dstaddom32@sourceforge.net,Male,58.85.214.29
112,Ethelda,MacFall,emacfall33@weebly.com,Female,239.176.68.80
113,Olag,Tongue,otongue34@webmd.com,Male,141.198.39.44
114,Kaitlin,Woodroff,kwoodroff35@toplist.cz,Female,27.36.114.187
115,Flin,Goulston,fgoulston36@163.com,Male,238.107.216.179
116,Robbin,Akister,rakister37@prweb.com,Female,59.142.189.161
117,Raddy,Beernt,rbeernt38@berkeley.edu,Male,167.70.150.221
118,Alaine,Greenland,agreenland39@reference.com,Female,154.247.137.245
119,Reggi,Thurby,rthurby3a@walmart.com,Female,170.226.236.22
120,Sonya,Isaac,sisaac3b@geocities.jp,Female,82.94.221.94
121,Grier,Braysher,gbraysher3c@canalblog.com,Female,122.27.142.17
122,Perla,Guerrazzi,pguerrazzi3d@nationalgeographic.com,Female,147.112.23.159
123,Abdel,Rushworth,arushworth3e@over-blog.com,Male,97.220.149.101
124,Morganica,Riccelli,mriccelli3f@blogspot.com,Female,97.66.77.22
125,Odella,Greenhalgh,ogreenhalgh3g@theguardian.com,Female,193.83.142.171
126,Em,Whorlow,ewhorlow3h@archive.org,Male,207.143.57.196
127,Anna-maria,Gettens,agettens3i@tripadvisor.com,Female,25.202.17.186
128,Cole,Sickert,csickert3j@newsvine.com,Male,99.210.21.169
129,Kasey,Burrells,kburrells3k@slashdot.org,Female,117.236.166.148
130,Corina,Le Barr,clebarr3l@addtoany.com,Female,53.88.124.139
131,Horton,Murrock,hmurrock3m@ebay.com,Male,108.30.137.56
132,Andros,Fairlam,afairlam3n@drupal.org,Male,181.31.206.94
133,Rodolphe,Threadgold,rthreadgold3o@narod.ru,Male,217.11.250.95
134,Aurea,Keirl,akeirl3p@google.ca,Female,164.93.240.82
135,Carlotta,Witherow,cwitherow3q@wix.com,Female,249.43.40.74
136,Nicoline,Stack,nstack3r@forbes.com,Female,183.209.185.151
137,Monah,Gibbin,mgibbin3s@about.me,Female,151.141.152.230
138,Corine,Ackrill,cackrill3t@cocolog-nifty.com,Female,26.133.249.86
139,Broderic,Mathie,bmathie3u@163.com,Male,106.101.92.158
140,Tammie,Tadgell,ttadgell3v@examiner.com,Male,220.21.200.94
141,Sherye,Hamshar,shamshar3w@whitehouse.gov,Female,45.166.112.186
142,Justin,Mossbee,jmossbee3x@google.pl,Male,228.38.186.10
143,Eric,Broker,ebroker3y@addtoany.com,Male,162.11.149.224
144,Beck,Goard,bgoard3z@oakley.com,Male,89.80.248.107
145,Cross,Kernar,ckernar40@google.nl,Male,248.152.123.64
146,Willie,Fellon,wfellon41@ft.com,Female,76.85.178.19
147,Lezley,Emeney,lemeney42@arizona.edu,Male,52.244.53.255
148,Graehme,Bernot,gbernot43@accuweather.com,Male,199.255.60.23
149,Sunshine,Cella,scella44@youku.com,Female,113.162.251.209
150,Germana,Moran,gmoran45@bloglines.com,Female,138.255.202.88
151,Ninetta,Casterot,ncasterot46@chronoengine.com,Female,46.255.142.174
152,David,Sprionghall,dsprionghall47@cnet.com,Male,1.227.221.155
153,Chrysa,Isenor,cisenor48@google.nl,Female,232.162.251.190
154,Mackenzie,Francesconi,mfrancesconi49@paypal.com,Male,196.143.86.53
155,Padget,Borrill,pborrill4a@baidu.com,Male,214.63.54.3
156,Mac,Ledington,mledington4b@google.it,Male,51.5.182.152
157,Hersh,Krolman,hkrolman4c@vimeo.com,Male,36.32.233.111
158,Ashlie,Halahan,ahalahan4d@w3.org,Female,204.14.52.194
159,Robbin,Dibbe,rdibbe4e@epa.gov,Female,185.64.146.114
160,Ferdinand,Strike,fstrike4f@photobucket.com,Male,203.54.61.232
161,Madelyn,Zarb,mzarb4g@bigcartel.com,Female,153.4.55.53
162,Jeromy,Lamminam,jlamminam4h@dailymail.co.uk,Male,62.85.66.213
163,Roley,McRobb,rmcrobb4i@creativecommons.org,Male,190.98.232.229
164,Armando,Risdale,arisdale4j@edublogs.org,Male,255.2.79.162
165,Stuart,Piotrkowski,spiotrkowski4k@amazon.de,Male,57.11.84.103
166,Ruy,Durden,rdurden4l@npr.org,Male,107.16.81.59
167,Friedrich,Scamadine,fscamadine4m@cargocollective.com,Male,198.123.211.161
168,Cal,Cattlow,ccattlow4n@barnesandnoble.com,Female,110.160.5.17
169,Erna,Seifert,eseifert4o@google.cn,Female,8.38.229.14
170,Barry,Chitson,bchitson4p@scribd.com,Male,234.16.238.16
171,Carlyn,Swett,cswett4q@pcworld.com,Female,114.110.108.202
172,Gram,Jaquin,gjaquin4r@craigslist.org,Male,232.255.136.25
173,Delano,Meegin,dmeegin4s@tripadvisor.com,Male,253.131.197.211
174,Franky,Ugolotti,fugolotti4t@e-recht24.de,Female,107.105.210.208
175,Loraine,Wateridge,lwateridge4u@geocities.jp,Female,187.210.228.86
176,Agace,Elcoux,aelcoux4v@oracle.com,Female,127.21.76.183
177,Corty,Sefton,csefton4w@amazon.co.uk,Male,28.229.178.195
178,Mateo,Bryer,mbryer4x@skyrock.com,Male,119.65.15.210
179,Wenona,Timby,wtimby4y@ameblo.jp,Female,6.158.253.204
180,Ingelbert,Garfath,igarfath4z@usatoday.com,Male,239.75.129.77
181,Rabi,Newcomen,rnewcomen50@walmart.com,Male,223.98.81.35
182,Debra,Sleney,dsleney51@mit.edu,Female,178.92.109.103
183,Johanna,Bassindale,jbassindale52@histats.com,Female,163.254.200.39
184,Nariko,Bronot,nbronot53@irs.gov,Female,58.72.134.219
185,Donall,Lintott,dlintott54@adobe.com,Male,253.48.171.221
186,Anselm,Tinto,atinto55@exblog.jp,Male,154.149.214.2
187,Crin,Chavrin,cchavrin56@imdb.com,Female,67.115.38.0
188,Giovanna,Painten,gpainten57@mapquest.com,Female,181.87.152.180
189,Arlyn,Strick,astrick58@icio.us,Female,166.234.154.192
190,Aurelia,Lashmar,alashmar59@xinhuanet.com,Female,105.161.208.141
191,Karry,Stallibrass,kstallibrass5a@nature.com,Female,148.75.233.124
192,Stefanie,De Giorgio,sdegiorgio5b@tmall.com,Female,241.193.220.233
193,Gwynne,Rapo,grapo5c@yellowbook.com,Female,210.164.223.109
194,Pooh,Joscelyne,pjoscelyne5d@unicef.org,Male,54.68.74.20
195,Bar,Marlin,bmarlin5e@nature.com,Male,240.4.250.3
196,Spencer,Wedlock,swedlock5f@ucoz.ru,Male,140.14.126.251
197,Derry,Ibberson,dibberson5g@prweb.com,Male,76.206.136.187
198,Donn,Mila,dmila5h@examiner.com,Male,32.191.236.74
199,Constantine,Toland,ctoland5i@army.mil,Male,129.243.84.52
200,Stephie,Sidon,ssidon5j@shinystat.com,Female,70.255.35.37
201,Saxon,Arrow,sarrow5k@blogspot.com,Male,86.11.85.19
202,Glenn,Dendle,gdendle5l@topsy.com,Male,146.164.132.84
203,Buddy,Frobisher,bfrobisher5m@woothemes.com,Male,73.17.53.246
204,Fonz,Lidgerton,flidgerton5n@engadget.com,Male,187.148.99.42
205,Burt,Shearmur,bshearmur5o@mapquest.com,Male,156.242.168.161
206,Colene,Nystrom,cnystrom5p@hud.gov,Female,158.209.239.126
207,Venita,Labrum,vlabrum5q@ning.com,Female,177.67.74.31
208,Oriana,Quigley,oquigley5r@myspace.com,Female,57.210.211.75
209,Renata,Brecknock,rbrecknock5s@tripadvisor.com,Female,171.18.245.138
210,Felicia,Cancellor,fcancellor5t@furl.net,Female,115.183.104.92
211,Renado,Garwell,rgarwell5u@indiatimes.com,Male,10.181.62.115
212,Dominique,Crosskill,dcrosskill5v@forbes.com,Male,9.120.89.87
213,Harper,Pauwel,hpauwel5w@cpanel.net,Male,247.196.10.236
214,Carla,Roark,croark5x@archive.org,Female,164.64.23.168
215,Pandora,Siddell,psiddell5y@chicagotribune.com,Female,122.158.68.239
216,Martin,Himsworth,mhimsworth5z@dyndns.org,Male,115.6.10.10
217,Nathalia,Winterflood,nwinterflood60@msu.edu,Female,126.46.247.220
218,Kris,Bellam,kbellam61@facebook.com,Male,254.226.169.189
219,Mair,Bock,mbock62@unc.edu,Female,58.3.44.128
220,Megen,Cliffe,mcliffe63@php.net,Female,195.218.19.179
221,Finlay,Powland,fpowland64@nhs.uk,Male,186.204.228.108
222,Yasmeen,Manoch,ymanoch65@rambler.ru,Female,16.227.69.174
223,Gayelord,Masdin,gmasdin66@utexas.edu,Male,24.94.61.117
224,Lincoln,Kybert,lkybert67@statcounter.com,Male,76.1.48.34
225,Waylon,Hegg,whegg68@ucoz.ru,Male,235.225.5.76
226,Bowie,Cauley,bcauley69@umn.edu,Male,9.72.153.43
227,Eran,Sumpner,esumpner6a@wsj.com,Female,220.45.77.237
228,Alessandro,Blagden,ablagden6b@blinklist.com,Male,65.195.108.123
229,Wilie,Delleschi,wdelleschi6c@cbc.ca,Female,195.211.202.83
230,Heloise,Jeenes,hjeenes6d@tinyurl.com,Female,152.200.78.10
231,Katina,Hackett,khackett6e@answers.com,Female,178.39.118.212
232,Modestia,Dumphries,mdumphries6f@newyorker.com,Female,52.203.29.195
233,Gracia,Gilbee,ggilbee6g@jalbum.net,Female,22.19.245.157
234,Fraze,Smoote,fsmoote6h@csmonitor.com,Male,174.86.91.10
235,Clarine,Bounde,cbounde6i@xinhuanet.com,Female,208.168.244.48
236,Julissa,Mullord,jmullord6j@wufoo.com,Female,143.107.117.33
237,Major,Fripp,mfripp6k@desdev.cn,Male,104.19.159.225
238,Kati,Fend,kfend6l@list-manage.com,Female,214.124.226.116
239,Nefen,Speares,nspeares6m@reverbnation.com,Male,91.235.24.199
240,Fidel,Meins,fmeins6n@google.fr,Male,6.124.27.86
241,Thurston,Noddles,tnoddles6o@guardian.co.uk,Male,126.234.133.253
242,Nelle,Ronald,nronald6p@redcross.org,Female,85.197.226.61
243,Desiree,Pirie,dpirie6q@cisco.com,Female,101.90.217.37
244,Cassie,Sweedland,csweedland6r@economist.com,Male,109.218.189.192
245,Elnora,Whithalgh,ewhithalgh6s@time.com,Female,27.185.51.244
246,Bastien,Camock,bcamock6t@disqus.com,Male,89.249.179.26
247,Blake,Betton,bbetton6u@unc.edu,Male,186.73.253.160
248,Beverley,Myles,bmyles6v@netscape.com,Female,161.47.108.86
249,Evin,Lambdin,elambdin6w@zdnet.com,Male,144.56.224.225
250,Valene,Blessed,vblessed6x@ning.com,Female,3.41.94.195
251,Gratia,Sidebotham,gsidebotham6y@moonfruit.com,Female,12.87.20.110
252,Janice,Fairfoot,jfairfoot6z@technorati.com,Female,217.83.100.205
253,Les,Spivie,lspivie70@cisco.com,Male,126.135.42.240
254,Hill,Jameson,hjameson71@hostgator.com,Male,213.201.173.70
255,Rafaellle,O'Heagertie,roheagertie72@rediff.com,Male,194.142.251.42
256,Leelah,Egdal,legdal73@cargocollective.com,Female,116.119.250.171
257,Clifford,Storry,cstorry74@google.nl,Male,61.125.77.23
258,Mair,Corless,mcorless75@google.it,Female,165.16.178.178
259,Jerald,Bealton,jbealton76@youtu.be,Male,102.180.250.23
260,Gabriela,Hefforde,ghefforde77@omniture.com,Female,101.6.72.220
261,Melinde,Atwell,matwell78@unblog.fr,Female,33.207.43.189
262,Ricki,Varah,rvarah79@examiner.com,Male,68.236.142.93
263,Ave,Tomczykiewicz,atomczykiewicz7a@toplist.cz,Male,204.250.38.94
264,Archambault,Gammack,agammack7b@pbs.org,Male,192.64.54.58
265,Antonie,Halpin,ahalpin7c@wsj.com,Female,5.202.107.217
266,Rhianna,Ryding,rryding7d@twitpic.com,Female,80.44.70.104
267,Albina,Kee,akee7e@weibo.com,Female,160.125.23.166
268,Melosa,Bellerby,mbellerby7f@huffingtonpost.com,Female,92.251.222.91
269,Farleigh,Stearn,fstearn7g@ca.gov,Male,177.196.77.57
270,Oby,Groven,ogroven7h@google.nl,Male,151.66.50.27
271,Nathalie,Poletto,npoletto7i@ovh.net,Female,120.150.40.234
272,Etty,Butter,ebutter7j@qq.com,Female,64.207.20.247
273,Flor,Huntington,fhuntington7k@bigcartel.com,Female,250.62.167.61
274,Pascale,Childs,pchilds7l@nifty.com,Male,42.27.231.71
275,Devinne,Gallagher,dgallagher7m@barnesandnoble.com,Female,22.228.231.106
276,Brendan,Scholefield,bscholefield7n@wordpress.com,Male,56.222.120.196
277,Helli,Heamus,hheamus7o@mtv.com,Female,166.115.32.7
278,Adelina,Fetherstonhaugh,afetherstonhaugh7p@studiopress.com,Female,35.252.19.44
279,Loleta,Studdard,lstuddard7q@exblog.jp,Female,25.175.129.116
280,Marti,Tant,mtant7r@senate.gov,Female,209.193.181.168
281,Kirby,Mc Caughen,kmccaughen7s@sohu.com,Female,196.204.195.165
282,Mabel,Simonou,msimonou7t@networksolutions.com,Female,78.243.2.130
283,Linell,Possa,lpossa7u@networksolutions.com,Female,43.154.233.151
284,Berke,Juszczyk,bjuszczyk7v@multiply.com,Male,147.182.32.216
285,Fonsie,Faltin,ffaltin7w@is.gd,Male,206.139.219.156
286,Carlin,Cornil,ccornil7x@w3.org,Male,22.229.200.248
287,Branden,Lamplough,blamplough7y@nbcnews.com,Male,94.26.144.25
288,Field,Rosensaft,frosensaft7z@theguardian.com,Male,41.113.43.228
289,Geno,Grassot,ggrassot80@studiopress.com,Male,13.18.253.68
290,Stefan,Andrioni,sandrioni81@google.es,Male,170.247.40.40
291,Cassius,Bapty,cbapty82@shareasale.com,Male,145.81.201.135
292,Bonnibelle,Urch,burch83@diigo.com,Female,93.60.132.133
293,Faunie,Laurentin,flaurentin84@ehow.com,Female,2.157.118.39
294,Eda,Rosenblath,erosenblath85@globo.com,Female,70.150.74.62
295,Natal,Kelsey,nkelsey86@joomla.org,Male,130.89.229.33
296,Mace,Rama,mrama87@paypal.com,Male,134.94.48.184
297,Annadiane,Norquay,anorquay88@nifty.com,Female,102.152.213.19
298,Blisse,Handforth,bhandforth89@reference.com,Female,109.50.223.60
299,Gan,Coulthurst,gcoulthurst8a@unesco.org,Male,90.61.16.33
300,Annemarie,Valadez,avaladez8b@nasa.gov,Female,25.223.29.118
301,Iosep,Schooling,ischooling8c@netvibes.com,Male,253.25.185.243
302,Datha,Meletti,dmeletti8d@salon.com,Female,240.196.166.235
303,Lutero,Hebbes,lhebbes8e@liveinternet.ru,Male,79.175.87.204
304,Sigvard,Giacubo,sgiacubo8f@unblog.fr,Male,87.239.239.216
305,Laural,Treadaway,ltreadaway8g@newsvine.com,Female,14.13.185.203
306,Mignon,Dublin,mdublin8h@spotify.com,Female,226.149.214.163
307,Min,Blanche,mblanche8i@ebay.co.uk,Female,138.31.166.237
308,Andre,Sallowaye,asallowaye8j@digg.com,Male,161.37.223.83
309,Kendricks,Clinch,kclinch8k@chicagotribune.com,Male,43.200.43.184
310,Laetitia,Tickle,ltickle8l@surveymonkey.com,Female,13.30.89.195
311,Aidan,Kelshaw,akelshaw8m@arstechnica.com,Female,82.113.62.3
312,Tadeo,Winterson,twinterson8n@canalblog.com,Male,25.152.79.156
313,Barnard,Ingrey,bingrey8o@youtube.com,Male,216.85.133.183
314,Monro,Buckell,mbuckell8p@engadget.com,Male,32.53.71.162
315,Krista,Dwight,kdwight8q@mediafire.com,Female,209.169.137.201
316,Sherrie,Suarez,ssuarez8r@fema.gov,Female,38.212.183.185
317,Terrence,Legrand,tlegrand8s@indiegogo.com,Male,238.214.136.179
318,Eamon,Lindsley,elindsley8t@addthis.com,Male,91.178.44.77
319,Bernette,Rentoll,brentoll8u@reverbnation.com,Female,183.4.237.197
320,Carie,Shanahan,cshanahan8v@forbes.com,Female,57.26.235.49
321,Evangelina,Rylance,erylance8w@telegraph.co.uk,Female,109.68.132.35
322,Ailis,Ingleby,aingleby8x@fc2.com,Female,0.240.23.159
323,Emelen,Giacobillo,egiacobillo8y@123-reg.co.uk,Male,70.142.22.234
324,Derrek,Laidel,dlaidel8z@yahoo.com,Male,136.219.224.218
325,Ardelis,McCrum,amccrum90@webs.com,Female,104.19.179.13
326,Orion,Bacon,obacon91@moonfruit.com,Male,87.135.169.181
327,Briny,Dabinett,bdabinett92@yahoo.com,Female,160.228.233.111
328,Terrell,Dumphrey,tdumphrey93@surveymonkey.com,Male,83.176.240.20
329,Padraic,Shotbolt,pshotbolt94@google.it,Male,171.154.81.212
330,Bjorn,Newvell,bnewvell95@tamu.edu,Male,236.200.176.54
331,Marsiella,Immer,mimmer96@forbes.com,Female,54.105.32.229
332,Garald,Duckerin,gduckerin97@si.edu,Male,141.43.189.83
333,Washington,Hixley,whixley98@exblog.jp,Male,210.231.20.138
334,Ingram,Merrell,imerrell99@w3.org,Male,9.60.61.190
335,Kylynn,Ciotto,kciotto9a@census.gov,Female,249.207.119.123
336,Suellen,Haliday,shaliday9b@ucsd.edu,Female,117.133.184.63
337,Victor,Pock,vpock9c@alexa.com,Male,115.156.125.209
338,Trip,Malloch,tmalloch9d@nature.com,Male,172.44.100.72
339,Patrice,Tollfree,ptollfree9e@seesaa.net,Female,254.100.1.104
340,Red,Arundel,rarundel9f@free.fr,Male,153.209.33.81
341,Dimitri,Titta,dtitta9g@dailymail.co.uk,Male,48.58.7.107
342,Merrili,Jeffery,mjeffery9h@ycombinator.com,Female,136.3.250.91
343,Sawyere,Lownsbrough,slownsbrough9i@dedecms.com,Male,1.107.178.252
344,Mada,Losemann,mlosemann9j@sciencedaily.com,Female,169.120.51.41
345,Chase,Danilenko,cdanilenko9k@google.ca,Male,173.37.94.73
346,Mohandis,Davet,mdavet9l@opensource.org,Male,99.174.117.192
347,Felipa,Erasmus,ferasmus9m@yelp.com,Female,207.128.16.76
348,Amelina,Tondeur,atondeur9n@google.co.jp,Female,11.248.213.17
349,Kalie,Alp,kalp9o@blog.com,Female,121.216.47.142
350,Kandace,Duce,kduce9p@tuttocitta.it,Female,201.105.80.18
351,Douglass,Navarre,dnavarre9q@diigo.com,Male,89.134.167.50
352,Gene,Bayfield,gbayfield9r@forbes.com,Male,255.184.46.32
353,Nicholle,O'Kuddyhy,nokuddyhy9s@wp.com,Female,92.185.150.121
354,Ashby,Balden,abalden9t@surveymonkey.com,Male,159.10.223.170
355,Renie,Fyfe,rfyfe9u@mashable.com,Female,241.204.35.48
356,Lannie,Battyll,lbattyll9v@flavors.me,Male,190.79.168.58
357,Benito,Godman,bgodman9w@technorati.com,Male,194.129.157.93
358,Dulcinea,Butterfint,dbutterfint9x@youtu.be,Female,49.87.232.253
359,Henderson,Carnell,hcarnell9y@about.me,Male,38.142.221.145
360,Norris,Nockells,nnockells9z@google.com.br,Male,81.161.53.223
361,Claudetta,Thomel,cthomela0@ycombinator.com,Female,39.237.8.94
362,Lewes,Mawne,lmawnea1@plala.or.jp,Male,121.253.210.254
363,Eleanora,McCritichie,emccritichiea2@newsvine.com,Female,207.142.112.151
364,Cirillo,Scaice,cscaicea3@nydailynews.com,Male,221.37.175.126
365,Gasper,Retallack,gretallacka4@google.com.au,Male,139.250.247.146
366,Ellary,Ruffler,erufflera5@nasa.gov,Male,52.27.148.63
367,Stewart,Oke,sokea6@aol.com,Male,108.40.66.159
368,Lizzy,Kilbourn,lkilbourna7@homestead.com,Female,206.10.150.168
369,Mariette,Jenks,mjenksa8@mtv.com,Female,129.153.128.5
370,Nev,Lunbech,nlunbecha9@wsj.com,Male,114.38.102.106
371,Constantine,Ind,cindaa@unicef.org,Male,253.236.128.39
372,Nellie,Foystone,nfoystoneab@google.it,Female,29.21.242.123
373,Carolyn,Andries,candriesac@storify.com,Female,36.253.103.124
374,Vonny,Francis,vfrancisad@google.nl,Female,44.39.243.5
375,Nickola,Sedwick,nsedwickae@aboutads.info,Male,59.137.47.82
376,Spenser,Lochead,slocheadaf@nsw.gov.au,Male,171.154.178.45
377,Harald,Perrycost,hperrycostag@economist.com,Male,37.97.172.45
378,Ellerey,Rubroe,erubroeah@google.de,Male,23.116.221.241
379,Raven,Ambridge,rambridgeai@twitter.com,Female,32.249.153.27
380,Burnaby,Gornar,bgornaraj@canalblog.com,Male,89.123.166.192
381,Bobbye,Forrington,bforringtonak@icq.com,Female,125.241.5.213
382,Rancell,Hardcastle,rhardcastleal@army.mil,Male,35.92.206.198
383,Karolina,Baudacci,kbaudacciam@aboutads.info,Female,212.37.125.28
384,Guilbert,Wince,gwincean@ocn.ne.jp,Male,37.248.222.241
385,Griswold,Hamshaw,ghamshawao@ameblo.jp,Male,154.110.198.218
386,Sheridan,Philippart,sphilippartap@printfriendly.com,Male,194.141.190.45
387,Cassie,Duchart,cduchartaq@goo.ne.jp,Female,190.165.72.155
388,Prent,Ronci,pronciar@army.mil,Male,48.246.238.214
389,Hort,Highwood,hhighwoodas@samsung.com,Male,160.173.149.143
390,Diane-marie,Etchell,detchellat@nba.com,Female,211.27.251.19
391,Andrus,Dyshart,adyshartau@bluehost.com,Male,119.38.250.7
392,Donavon,Peaden,dpeadenav@senate.gov,Male,123.232.197.118
393,Jyoti,Skilling,jskillingaw@bbb.org,Female,36.188.28.198
394,Otes,Davenhall,odavenhallax@sina.com.cn,Male,169.173.219.157
395,Averil,Traut,atrautay@mashable.com,Male,87.132.209.230
396,Duffy,Lusk,dluskaz@redcross.org,Male,201.2.95.194
397,Linda,Wreak,lwreakb0@latimes.com,Female,145.58.80.141
398,Gwenneth,Morteo,gmorteob1@buzzfeed.com,Female,104.177.37.103
399,Sollie,Scramage,sscramageb2@independent.co.uk,Male,107.39.239.10
400,Matthieu,Buten,mbutenb3@barnesandnoble.com,Male,37.27.89.207
401,Alasteir,Spataro,aspatarob4@epa.gov,Male,27.116.50.156
402,Michele,Lintall,mlintallb5@amazon.co.uk,Male,224.159.79.255
403,Bret,McCromley,bmccromleyb6@webnode.com,Male,99.112.96.90
404,Janey,Lillicrop,jlillicropb7@nydailynews.com,Female,96.72.117.45
405,Darn,Whitfeld,dwhitfeldb8@reference.com,Male,214.220.67.84
406,Steffi,Quare,squareb9@naver.com,Female,123.188.76.114
407,Theodoric,Diess,tdiessba@netlog.com,Male,226.206.221.239
408,Kylie,Cross,kcrossbb@jigsy.com,Male,22.235.6.4
409,Tirrell,Avramovitz,tavramovitzbc@java.com,Male,170.12.12.220
410,Page,Bengtsen,pbengtsenbd@japanpost.jp,Female,107.105.28.11
411,Currie,Bodocs,cbodocsbe@ustream.tv,Male,149.89.2.187
412,Grenville,Bedo,gbedobf@deliciousdays.com,Male,161.132.243.134
413,Johannah,Smallthwaite,jsmallthwaitebg@wikimedia.org,Female,176.124.199.150
414,Jamesy,Haddow,jhaddowbh@mac.com,Male,132.52.105.62
415,Fernande,Wordsworth,fwordsworthbi@facebook.com,Female,250.101.154.44
416,Lenard,Fforde,lffordebj@wsj.com,Male,210.254.44.94
417,Carleton,Acory,cacorybk@usa.gov,Male,240.95.62.223
418,Melisa,Spuffard,mspuffardbl@chron.com,Female,71.95.82.229
419,Emmalee,Roeby,eroebybm@etsy.com,Female,74.127.204.144
420,Fredericka,Durdle,fdurdlebn@phoca.cz,Female,118.81.76.172
421,Garwin,Salmond,gsalmondbo@opensource.org,Male,219.9.153.223
422,Georgi,Treneer,gtreneerbp@odnoklassniki.ru,Male,47.169.13.15
423,Neddie,Sayre,nsayrebq@indiatimes.com,Male,150.221.185.165
424,Emera,Rivilis,erivilisbr@comsenz.com,Female,74.225.167.233
425,Shaylynn,Feltham,sfelthambs@tripadvisor.com,Female,222.206.228.112
426,Ermin,McAughtry,emcaughtrybt@xing.com,Male,80.17.0.0
427,Lianne,Leicester,lleicesterbu@cocolog-nifty.com,Female,93.55.160.115
428,Sherlocke,Thyng,sthyngbv@posterous.com,Male,37.146.103.231
429,Nanete,Adanet,nadanetbw@washington.edu,Female,2.10.181.168
430,Sherwynd,Sangwin,ssangwinbx@altervista.org,Male,100.95.207.36
431,Riccardo,Fahrenbach,rfahrenbachby@sourceforge.net,Male,185.32.218.85
432,Ollie,Meiningen,omeiningenbz@bbc.co.uk,Male,50.217.144.161
433,Lauren,Espinal,lespinalc0@mozilla.org,Female,235.158.102.48
434,Kira,Sidgwick,ksidgwickc1@unesco.org,Female,73.110.208.104
435,Thibaud,Crutch,tcrutchc2@about.me,Male,62.235.163.112
436,Alaric,Garrattley,agarrattleyc3@jugem.jp,Male,27.226.53.168
437,Collette,Braganza,cbraganzac4@oracle.com,Female,130.92.111.51
438,Lowe,De Ruggero,lderuggeroc5@cnn.com,Male,136.1.115.101
439,Robinett,Dover,rdoverc6@tiny.cc,Female,57.72.116.17
440,Pearl,Pammenter,ppammenterc7@telegraph.co.uk,Female,181.173.55.11
441,Kynthia,Artin,kartinc8@wordpress.org,Female,237.33.98.13
442,Myrtie,McGinney,mmcginneyc9@fema.gov,Female,5.212.57.50
443,Trevor,Egglestone,tegglestoneca@dagondesign.com,Male,153.153.231.206
444,Delcine,Jose,djosecb@php.net,Female,46.184.28.235
445,Eadith,McCarter,emccartercc@businessinsider.com,Female,22.50.205.202
446,Sarena,Basketter,sbaskettercd@ed.gov,Female,222.12.81.160
447,Maxy,Shurman,mshurmance@bandcamp.com,Male,78.54.66.184
448,Pren,Blaycock,pblaycockcf@abc.net.au,Male,161.113.52.250
449,Gale,Rastall,grastallcg@csmonitor.com,Male,70.217.227.110
450,Dorree,Heinz,dheinzch@nsw.gov.au,Female,89.104.237.0
451,Polly,Frears,pfrearsci@live.com,Female,90.215.207.229
452,Mitzi,Olech,molechcj@feedburner.com,Female,201.44.242.22
453,Annette,Rankmore,arankmoreck@accuweather.com,Female,115.115.23.93
454,Edie,Marjoram,emarjoramcl@webeden.co.uk,Female,210.54.179.41
455,Hilliary,MacKeig,hmackeigcm@freewebs.com,Female,220.233.65.75
456,Tomaso,Delgadillo,tdelgadillocn@sciencedaily.com,Male,52.208.67.114
457,Jacky,MacIlwrick,jmacilwrickco@thetimes.co.uk,Male,144.192.185.17
458,Claudie,Reinhard,creinhardcp@vimeo.com,Female,62.252.116.245
459,Xerxes,Whillock,xwhillockcq@wp.com,Male,93.14.236.217
460,Thornie,Shannon,tshannoncr@samsung.com,Male,224.97.255.252
461,Timothee,Brewse,tbrewsecs@naver.com,Male,205.42.194.114
462,Ardis,Dineen,adineenct@foxnews.com,Female,118.134.220.160
463,Berke,Cobello,bcobellocu@twitpic.com,Male,83.104.169.17
464,Ranique,Sollis,rsolliscv@cpanel.net,Female,182.212.155.68
465,Rebekah,Cathcart,rcathcartcw@amazon.de,Female,132.147.184.237
466,Deane,MacCumiskey,dmaccumiskeycx@list-manage.com,Male,140.54.117.145
467,Baxter,Puckey,bpuckeycy@bigcartel.com,Male,121.73.240.37
468,Abey,Wolvey,awolveycz@sun.com,Male,191.32.153.229
469,Tyne,Pascow,tpascowd0@cocolog-nifty.com,Female,112.52.4.166
470,Barry,Templeman,btemplemand1@360.cn,Male,69.37.113.238
471,Wade,Vanyashin,wvanyashind2@360.cn,Male,28.206.136.56
472,Laurens,Benko,lbenkod3@phpbb.com,Male,66.169.98.57
473,Kermy,Chipps,kchippsd4@techcrunch.com,Male,225.71.204.161
474,Tove,Hallifax,thallifaxd5@census.gov,Female,71.197.63.78
475,Gilbertina,Stritton,gstrittond6@vistaprint.com,Female,137.128.216.110
476,Tildie,Mewett,tmewettd7@usnews.com,Female,70.177.154.15
477,Netty,Ager,nagerd8@shop-pro.jp,Female,222.27.43.56
478,Hubert,Daile,hdailed9@washington.edu,Male,74.34.62.170
479,Traci,Lukianov,tlukianovda@reddit.com,Female,126.218.71.29
480,Amandy,Hawkswood,ahawkswooddb@netlog.com,Female,30.115.149.204
481,Noland,Tenniswood,ntenniswooddc@hud.gov,Male,4.197.187.210
482,Vere,Blonfield,vblonfielddd@seattletimes.com,Female,89.75.2.141
483,Sharon,Farady,sfaradyde@mozilla.org,Female,64.98.184.217
484,Mariam,Fellman,mfellmandf@oakley.com,Female,244.154.251.116
485,Farley,Stronack,fstronackdg@blogs.com,Male,69.221.44.186
486,Siffre,Gallanders,sgallandersdh@purevolume.com,Male,35.163.106.240
487,Julieta,Ellson,jellsondi@dailymail.co.uk,Female,233.244.151.82
488,Vinson,Danskine,vdanskinedj@google.com,Male,98.198.103.34
489,Gar,Hazeldene,ghazeldenedk@europa.eu,Male,6.40.183.161
490,Billi,Cattroll,bcattrolldl@webeden.co.uk,Female,233.167.169.253
491,Geralda,Defau,gdefaudm@independent.co.uk,Female,53.249.235.118
492,Hector,Gooder,hgooderdn@arizona.edu,Male,185.36.24.11
493,Melony,Peasby,mpeasbydo@mtv.com,Female,96.13.68.71
494,Tuckie,Bartholat,tbartholatdp@youku.com,Male,217.166.177.124
495,Launce,Blair,lblairdq@wisc.edu,Male,188.84.216.243
496,Derick,Mullen,dmullendr@epa.gov,Male,87.43.173.234
497,Cynde,Bullus,cbullusds@jigsy.com,Female,173.140.88.3
498,Michelle,Faustin,mfaustindt@time.com,Female,180.146.177.61
499,Alexandros,Devonshire,adevonshiredu@blogspot.com,Male,173.111.12.26
500,Rollin,Wade,rwadedv@i2i.jp,Male,63.156.8.173
501,Bennett,Valero,bvalerodw@china.com.cn,Male,112.252.112.31
502,Lynett,Ledster,lledsterdx@chronoengine.com,Female,194.225.231.192
503,Jaye,Moat,jmoatdy@mediafire.com,Male,172.40.105.121
504,Bennie,Balthasar,bbalthasardz@livejournal.com,Male,255.25.221.229
505,Shandra,Middas,smiddase0@bigcartel.com,Female,110.182.0.219
506,Ignatius,Ebhardt,iebhardte1@google.fr,Male,152.53.214.96
507,Odie,McGerr,omcgerre2@youtu.be,Male,125.214.1.90
508,Vasilis,Eicheler,veichelere3@hp.com,Male,37.183.93.223
509,Hughie,Rainey,hraineye4@instagram.com,Male,79.99.111.114
510,Web,Zanetti,wzanettie5@reference.com,Male,130.24.111.169
511,Gabriela,Larman,glarmane6@independent.co.uk,Female,122.245.243.103
512,Trix,Dy,tdye7@woothemes.com,Female,119.43.61.155
513,Rodolphe,Housbie,rhousbiee8@indiegogo.com,Male,11.68.103.112
514,Garner,Henderson,ghendersone9@engadget.com,Male,156.5.172.52
515,Dianne,Capsey,dcapseyea@homestead.com,Female,170.13.136.36
516,Abbie,Vlasov,avlasoveb@ebay.co.uk,Female,102.74.162.184
517,Sibyl,Dytham,sdythamec@alexa.com,Male,81.168.233.217
518,Lisabeth,Fairbridge,lfairbridgeed@php.net,Female,83.17.196.95
519,Witty,Sagar,wsagaree@ehow.com,Male,235.194.48.162
520,Jacki,Duchan,jduchanef@vk.com,Female,47.41.83.50
521,Eugenia,Paniman,epanimaneg@ask.com,Female,116.33.45.241
522,Verla,Jaouen,vjaoueneh@xrea.com,Female,3.213.161.197
523,Tessi,Gibson,tgibsonei@pen.io,Female,93.225.47.99
524,Tammy,Lyddon,tlyddonej@zdnet.com,Male,60.45.156.167
525,Benedetta,Charlton,bcharltonek@nytimes.com,Female,16.138.169.223
526,Crichton,Ridett,cridettel@shinystat.com,Male,12.227.218.14
527,Farlay,Keming,fkemingem@cpanel.net,Male,181.88.64.0
528,Bryant,Morgue,bmorgueen@furl.net,Male,234.186.34.32
529,Karlen,Bonfield,kbonfieldeo@timesonline.co.uk,Female,136.253.229.199
530,Stormi,Aukland,sauklandep@hostgator.com,Female,221.19.249.234
531,Cary,Fendt,cfendteq@studiopress.com,Male,184.117.12.55
532,Alexine,Reuven,areuvener@tripadvisor.com,Female,21.227.1.153
533,Bibby,Zeplin,bzeplines@admin.ch,Female,5.115.147.181
534,Wolfgang,Ovill,wovillet@over-blog.com,Male,74.148.212.217
535,Yanaton,Dalli,ydallieu@admin.ch,Male,46.231.78.39
536,Koren,Vize,kvizeev@ustream.tv,Female,165.71.11.225
537,Franklin,Wimlet,fwimletew@xinhuanet.com,Male,225.247.207.240
538,Farley,Beirne,fbeirneex@live.com,Male,201.146.60.190
539,Josy,Johnsey,jjohnseyey@tinypic.com,Female,133.246.77.177
540,Lenka,Sainter,lsainterez@google.it,Female,11.236.109.8
541,Alene,Bloss,ablossf0@umich.edu,Female,94.143.123.144
542,Darius,Draysay,ddraysayf1@gnu.org,Male,2.242.58.218
543,Susie,Duffin,sduffinf2@163.com,Female,177.34.60.233
544,Bendick,Rijkeseis,brijkeseisf3@google.es,Male,83.10.220.182
545,Erda,Sainer,esainerf4@behance.net,Female,203.149.238.68
546,Noellyn,Denzilow,ndenzilowf5@elpais.com,Female,154.188.253.104
547,Cristine,Louisot,clouisotf6@chron.com,Female,17.53.102.222
548,Lonni,Aldersea,lalderseaf7@sphinn.com,Female,204.18.245.134
549,Jarrett,Andrzejowski,jandrzejowskif8@soundcloud.com,Male,178.0.109.109
550,Ermentrude,Overill,eoverillf9@vkontakte.ru,Female,42.215.201.208
551,Arielle,Elbourne,aelbournefa@wordpress.com,Female,119.209.5.63
552,Trever,Rizzardi,trizzardifb@quantcast.com,Male,175.134.128.17
553,Caspar,Wingfield,cwingfieldfc@meetup.com,Male,72.178.210.120
554,Veradis,Zanetto,vzanettofd@cisco.com,Female,144.190.45.228
555,Renaud,Georgescu,rgeorgescufe@flickr.com,Male,235.14.32.104
556,Cyndia,Jacklings,cjacklingsff@biblegateway.com,Female,48.249.218.149
557,Quintana,Mathys,qmathysfg@networkadvertising.org,Female,4.150.79.217
558,Ebonee,Dalliwatr,edalliwatrfh@illinois.edu,Female,223.110.1.46
559,Sybilla,Shewry,sshewryfi@mysql.com,Female,43.21.195.66
560,Morgun,Fanshaw,mfanshawfj@who.int,Male,15.249.131.102
561,Benjamin,Dionisii,bdionisiifk@umn.edu,Male,254.20.158.167
562,Sheila-kathryn,Giacomini,sgiacominifl@census.gov,Female,54.96.163.219
563,Isa,Brower,ibrowerfm@home.pl,Male,69.170.223.77
564,Reg,Goodban,rgoodbanfn@gravatar.com,Male,163.66.16.216
565,Robert,McGinney,rmcginneyfo@angelfire.com,Male,109.240.215.77
566,Kacie,Kemmey,kkemmeyfp@lulu.com,Female,71.153.171.207
567,Hurlee,Bentinck,hbentinckfq@opensource.org,Male,3.27.177.209
568,Iago,Scarf,iscarffr@ucoz.com,Male,173.79.164.193
569,Bendix,Brymner,bbrymnerfs@ox.ac.uk,Male,117.243.46.220
570,Hulda,Peppin,hpeppinft@bbc.co.uk,Female,143.188.150.166
571,Heidie,Dunstone,hdunstonefu@people.com.cn,Female,132.207.148.9
572,Adina,Zincke,azinckefv@google.ca,Female,196.46.31.127
573,Mannie,Tumber,mtumberfw@sbwire.com,Male,229.218.14.250
574,Denver,Abad,dabadfx@posterous.com,Male,231.163.111.90
575,Daveta,Valente,dvalentefy@google.fr,Female,176.23.32.179
576,Inga,Borgesio,iborgesiofz@webmd.com,Female,218.155.1.168
577,Alene,Pottie,apottieg0@creativecommons.org,Female,109.250.164.44
578,Lucinda,Rumgay,lrumgayg1@instagram.com,Female,158.12.227.180
579,Codi,Birrell,cbirrellg2@mozilla.com,Male,75.249.215.240
580,Biddie,Canter,bcanterg3@mediafire.com,Female,255.98.84.118
581,Alfy,Clousley,aclousleyg4@typepad.com,Male,195.80.183.209
582,Trevor,Fisby,tfisbyg5@guardian.co.uk,Male,117.19.137.7
583,Arnold,Cinelli,acinellig6@ucsd.edu,Male,200.41.33.14
584,Shandeigh,Vedenichev,svedenichevg7@reddit.com,Female,124.241.83.243
585,Odella,Spreckley,ospreckleyg8@4shared.com,Female,18.103.25.51
586,Twyla,Stranio,tstraniog9@shinystat.com,Female,219.119.15.130
587,Correy,Gwatkin,cgwatkinga@wsj.com,Female,13.5.181.78
588,Afton,Driffill,adriffillgb@mozilla.com,Female,14.114.228.57
589,Beck,Ethelstone,bethelstonegc@bloglovin.com,Male,53.80.244.108
590,Iago,Tal,italgd@telegraph.co.uk,Male,21.228.97.236
591,Cassie,Murrigans,cmurrigansge@homestead.com,Male,131.99.139.57
592,Nathan,Insoll,ninsollgf@flavors.me,Male,121.193.253.156
593,Tova,Swyn,tswyngg@prlog.org,Female,37.187.55.178
594,Percy,Blaycock,pblaycockgh@sogou.com,Male,25.58.91.231
595,Ola,Moynihan,omoynihangi@prlog.org,Female,207.251.180.250
596,Maddie,Danko,mdankogj@admin.ch,Male,183.180.85.144
597,Daisi,Aldwich,daldwichgk@typepad.com,Female,112.241.218.157
598,Berni,Trevers,btreversgl@ucsd.edu,Female,152.6.56.204
599,Roley,Schaffler,rschafflergm@ezinearticles.com,Male,120.116.92.24
600,Gerald,Bangiard,gbangiardgn@rediff.com,Male,19.137.187.193
601,Betta,Callery,bcallerygo@dailymail.co.uk,Female,51.165.130.34
602,Red,Scholl,rschollgp@list-manage.com,Male,169.138.252.204
603,Craggy,Oram,coramgq@google.cn,Male,66.157.222.149
604,Charlean,Isacsson,cisacssongr@imageshack.us,Female,112.116.220.221
605,Lukas,Greiser,lgreisergs@hostgator.com,Male,51.169.155.104
606,Clem,Turri,cturrigt@wix.com,Male,12.60.33.158
607,Shelby,Bogaert,sbogaertgu@skype.com,Male,177.181.130.178
608,Garey,Kiraly,gkiralygv@ycombinator.com,Male,105.44.43.236
609,Courtenay,Satch,csatchgw@vistaprint.com,Female,153.159.189.169
610,Thorndike,Guyers,tguyersgx@nasa.gov,Male,251.47.246.255
611,Greg,Blackall,gblackallgy@virginia.edu,Male,98.225.63.112
612,Rollin,McGlew,rmcglewgz@ft.com,Male,131.168.94.206
613,Madelle,Hudless,mhudlessh0@imageshack.us,Female,213.146.214.104
614,Saundra,Eddolls,seddollsh1@reddit.com,Male,163.196.121.27
615,Annabela,Dawley,adawleyh2@seattletimes.com,Female,165.45.12.67
616,Peyter,Dunston,pdunstonh3@blogger.com,Male,56.85.153.94
617,Melesa,Choupin,mchoupinh4@ebay.co.uk,Female,215.244.46.74
618,Dagmar,Plaid,dplaidh5@hubpages.com,Female,33.212.119.216
619,Kerstin,Bowring,kbowringh6@slate.com,Female,255.230.169.155
620,Corrina,Bernardi,cbernardih7@cbsnews.com,Female,118.239.194.108
621,Benjy,Blewett,bblewetth8@elpais.com,Male,43.169.146.131
622,Hebert,Hutfield,hhutfieldh9@senate.gov,Male,172.72.225.90
623,Gayel,Mowson,gmowsonha@wordpress.com,Female,95.30.219.231
624,Nicol,Haynes,nhayneshb@xing.com,Male,223.152.184.107
625,Ronnie,Bourchier,rbourchierhc@cbslocal.com,Female,37.208.230.106
626,Zacharie,Gibard,zgibardhd@forbes.com,Male,4.183.151.232
627,Fleur,Haylor,fhaylorhe@eepurl.com,Female,30.205.24.29
628,Charlot,Saddleton,csaddletonhf@loc.gov,Female,182.14.239.227
629,Willdon,Gaskell,wgaskellhg@i2i.jp,Male,37.205.249.11
630,Lexie,Pischoff,lpischoffhh@cyberchimps.com,Female,92.251.93.19
631,Randall,Josland,rjoslandhi@desdev.cn,Male,77.76.15.116
632,Delinda,Danjoie,ddanjoiehj@yahoo.com,Female,70.88.254.125
633,Codee,Reichardt,creichardthk@lulu.com,Female,215.66.78.157
634,Koral,Kempshall,kkempshallhl@dyndns.org,Female,15.25.189.226
635,Jarrod,Paullin,jpaullinhm@mapy.cz,Male,80.20.62.53
636,Tobias,Milnes,tmilneshn@technorati.com,Male,112.16.119.46
637,Karel,Weippert,kweippertho@qq.com,Female,50.239.100.17
638,Thayne,Teare,ttearehp@meetup.com,Male,139.198.127.119
639,Johna,Marrian,jmarrianhq@ifeng.com,Female,226.150.102.117
640,Andee,Longstaffe,alongstaffehr@jalbum.net,Female,22.184.129.178
641,Sammie,Smythe,ssmythehs@wikia.com,Male,111.181.7.152
642,Carce,Wyer,cwyerht@typepad.com,Male,164.227.79.0
643,Tan,Rignall,trignallhu@icio.us,Male,79.75.186.205
644,Myrah,Kamien,mkamienhv@ca.gov,Female,13.134.25.75
645,Deane,Dorsey,ddorseyhw@exblog.jp,Female,77.97.162.227
646,Pasquale,Iannazzi,piannazzihx@phpbb.com,Male,24.171.199.87
647,Maritsa,Farington,mfaringtonhy@spotify.com,Female,68.210.44.119
648,Lula,Blakeborough,lblakeboroughhz@icio.us,Female,221.237.181.82
649,Heda,Probin,hprobini0@arizona.edu,Female,63.88.156.9
650,Homer,Petkov,hpetkovi1@google.co.uk,Male,103.51.57.17
651,Hasheem,Sabbins,hsabbinsi2@dailymail.co.uk,Male,53.26.86.128
652,Erhart,Bennetts,ebennettsi3@reddit.com,Male,63.118.212.91
653,Rickard,Readmire,rreadmirei4@rediff.com,Male,8.134.35.54
654,Vikky,Konertz,vkonertzi5@discovery.com,Female,121.80.251.192
655,Peder,Lukins,plukinsi6@cisco.com,Male,245.63.110.99
656,Natasha,Tink,ntinki7@booking.com,Female,245.163.55.102
657,Guy,Huortic,ghuortici8@webmd.com,Male,114.43.47.253
658,Rayna,Brandom,rbrandomi9@jalbum.net,Female,174.161.124.138
659,Cristie,Salthouse,csalthouseia@nps.gov,Female,134.142.238.218
660,Jessy,Soreau,jsoreauib@dailymotion.com,Female,12.156.180.155
661,Terencio,Wyne,twyneic@amazon.com,Male,244.153.12.149
662,Nikolos,Chotty,nchottyid@wisc.edu,Male,71.49.10.124
663,Janot,Altoft,jaltoftie@csmonitor.com,Female,111.37.51.212
664,Vasilis,Tribe,vtribeif@fastcompany.com,Male,50.147.218.109
665,Kellie,Weine,kweineig@ucoz.com,Female,60.193.71.80
666,Jacquelin,Leijs,jleijsih@nasa.gov,Female,55.113.121.67
667,Tyrus,O'Cassidy,tocassidyii@istockphoto.com,Male,209.15.49.193
668,Hewitt,Braham,hbrahamij@upenn.edu,Male,47.203.176.186
669,Davida,Aubrey,daubreyik@whitehouse.gov,Female,225.217.111.74
670,Garnet,Canniffe,gcanniffeil@nasa.gov,Female,70.191.131.15
671,Edyth,Sneath,esneathim@bigcartel.com,Female,180.89.235.91
672,Templeton,Mollnar,tmollnarin@infoseek.co.jp,Male,208.128.226.237
673,Travers,Hulson,thulsonio@google.es,Male,143.144.190.118
674,Waite,Simonetto,wsimonettoip@fema.gov,Male,68.177.84.28
675,Ab,Feifer,afeiferiq@blinklist.com,Male,80.190.80.120
676,Ellene,Summerton,esummertonir@wunderground.com,Female,50.196.84.254
677,Jenda,Lathbury,jlathburyis@bloomberg.com,Female,145.212.43.221
678,Fabe,Hulstrom,fhulstromit@digg.com,Male,205.227.68.221
679,Micky,Roll,mrolliu@goo.ne.jp,Female,92.153.100.36
680,Abra,Parmiter,aparmiteriv@kickstarter.com,Female,147.87.17.187
681,Vivian,Lamperti,vlampertiiw@unblog.fr,Female,46.124.174.0
682,Helyn,Crewther,hcrewtherix@aol.com,Female,74.15.125.35
683,Van,Cardall,vcardalliy@stumbleupon.com,Female,177.117.69.126
684,Viv,Lawrenz,vlawrenziz@netvibes.com,Female,81.163.66.137
685,Marijn,Bruce,mbrucej0@chronoengine.com,Male,45.31.135.232
686,Yoko,Mitchall,ymitchallj1@cbsnews.com,Female,52.190.186.237
687,Sidnee,Sultan,ssultanj2@hugedomains.com,Male,4.94.230.83
688,Marietta,Ferfulle,mferfullej3@irs.gov,Female,33.185.154.184
689,Teressa,Booton,tbootonj4@time.com,Female,99.103.216.128
690,Glenden,Sinnett,gsinnettj5@ca.gov,Male,2.200.141.53
691,Emmott,Croy,ecroyj6@time.com,Male,66.148.212.107
692,Aurelie,Clipston,aclipstonj7@moonfruit.com,Female,84.210.246.254
693,Beverlee,Dellit,bdellitj8@behance.net,Female,76.165.104.44
694,Bettye,Hodges,bhodgesj9@wired.com,Female,95.99.219.155
695,Barnie,Mockes,bmockesja@storify.com,Male,188.192.212.104
696,Karlotta,Jojic,kjojicjb@gov.uk,Female,198.32.97.237
697,Kingsley,Sondon,ksondonjc@techcrunch.com,Male,91.9.43.90
698,Ingaberg,Dunklee,idunkleejd@unesco.org,Female,69.226.62.74
699,Cull,Brimble,cbrimbleje@google.ca,Male,215.181.2.239
700,Fiorenze,Pavese,fpavesejf@geocities.jp,Female,80.64.205.188
701,Mady,Crumb,mcrumbjg@vimeo.com,Female,45.105.224.96
702,Nada,Hoodspeth,nhoodspethjh@usda.gov,Female,224.196.152.218
703,Doris,Jenny,djennyji@ox.ac.uk,Female,92.214.228.148
704,Wendeline,Redihough,wredihoughjj@delicious.com,Female,163.72.225.6
705,Sharona,Whines,swhinesjk@reddit.com,Female,168.188.129.207
706,Gilemette,Fairnington,gfairningtonjl@ameblo.jp,Female,52.59.176.106
707,Tabbie,Wayon,twayonjm@creativecommons.org,Male,95.175.102.139
708,Emelda,Norsister,enorsisterjn@mac.com,Female,143.24.230.119
709,Mufi,O'Doran,modoranjo@prweb.com,Female,229.70.201.215
710,Stella,D'Hooghe,sdhooghejp@go.com,Female,156.162.153.129
711,Ariel,Curcher,acurcherjq@sbwire.com,Female,179.94.78.209
712,Sadie,Hankinson,shankinsonjr@japanpost.jp,Female,125.4.88.27
713,Petra,Cabell,pcabelljs@last.fm,Female,101.188.222.1
714,Wenda,Stoter,wstoterjt@oaic.gov.au,Female,163.9.30.77
715,Henrieta,Petry,hpetryju@blogtalkradio.com,Female,93.229.145.115
716,Lynnet,Risbrough,lrisbroughjv@dailymotion.com,Female,190.39.11.77
717,Beck,Giannazzo,bgiannazzojw@upenn.edu,Male,211.250.183.171
718,Carlye,Bocken,cbockenjx@google.es,Female,60.236.110.4
719,Prudy,Aitchinson,paitchinsonjy@reddit.com,Female,130.232.41.135
720,Hattie,Bartolomieu,hbartolomieujz@google.it,Female,58.60.72.244
721,Isaac,Lune,ilunek0@arstechnica.com,Male,110.95.151.108
722,Damaris,Wymer,dwymerk1@nydailynews.com,Female,240.225.199.192
723,Egor,Beebee,ebeebeek2@csmonitor.com,Male,56.56.200.171
724,Cissy,Phillippo,cphillippok3@altervista.org,Female,139.173.249.188
725,Ange,Rickis,arickisk4@auda.org.au,Male,222.66.114.13
726,Jody,Hulance,jhulancek5@clickbank.net,Female,62.117.173.253
727,Rod,Bruckstein,rbrucksteink6@1688.com,Male,202.167.11.252
728,Lorna,Bryan,lbryank7@theguardian.com,Female,231.38.145.45
729,Chelsae,Northover,cnorthoverk8@virginia.edu,Female,10.92.186.203
730,Tessa,Scholtis,tscholtisk9@wikipedia.org,Female,16.93.170.86
731,Olin,Rolston,orolstonka@phoca.cz,Male,51.36.125.182
732,Nathalia,Goulthorp,ngoulthorpkb@bloglovin.com,Female,100.38.121.187
733,Cooper,Wilflinger,cwilflingerkc@yellowbook.com,Male,101.123.225.138
734,Melina,Willey,mwilleykd@prweb.com,Female,146.231.242.12
735,Alden,Hollindale,ahollindaleke@indiegogo.com,Male,220.48.107.231
736,Corrina,Fysh,cfyshkf@zdnet.com,Female,156.145.51.136
737,Meg,Luciani,mlucianikg@tinypic.com,Female,105.94.200.54
738,Clio,Lindholm,clindholmkh@unblog.fr,Female,169.86.89.190
739,Thaxter,Todeo,ttodeoki@histats.com,Male,114.238.101.234
740,Lanie,Kinahan,lkinahankj@dell.com,Female,19.43.82.26
741,Tammie,MacRury,tmacrurykk@arizona.edu,Female,208.172.135.246
742,Evin,Delahunty,edelahuntykl@google.com.hk,Male,137.78.181.4
743,Karlen,Ogden,kogdenkm@dailymotion.com,Female,237.56.235.238
744,Simeon,Iacofo,siacofokn@qq.com,Male,218.245.201.213
745,Nicolis,Melbourn,nmelbournko@globo.com,Male,126.154.224.130
746,Arch,Marxsen,amarxsenkp@surveymonkey.com,Male,59.157.224.236
747,Morissa,Wrangle,mwranglekq@kickstarter.com,Female,51.196.215.37
748,Deb,Mulroy,dmulroykr@cyberchimps.com,Female,136.106.239.147
749,Bride,Blazevic,bblazevicks@cloudflare.com,Female,149.47.4.51
750,Mitchel,O'Dooghaine,modooghainekt@google.com,Male,61.12.82.155
751,Idelle,Sibthorp,isibthorpku@businessweek.com,Female,143.78.10.9
752,Jimmie,Gillimgham,jgillimghamkv@nature.com,Male,218.165.167.74
753,Rayner,Heineking,rheinekingkw@chicagotribune.com,Male,148.152.196.167
754,Zared,Ferfulle,zferfullekx@yellowbook.com,Male,169.147.209.67
755,Ibrahim,Davley,idavleyky@nih.gov,Male,128.200.212.184
756,Bettina,Colegrove,bcolegrovekz@yandex.ru,Female,4.80.224.87
757,Dean,Quare,dquarel0@ovh.net,Male,120.13.115.139
758,Joane,Redmain,jredmainl1@123-reg.co.uk,Female,12.33.54.114
759,Reinaldos,Royal,rroyall2@livejournal.com,Male,171.202.90.237
760,Agustin,Rontree,arontreel3@phoca.cz,Male,207.91.63.245
761,Jonis,Howler,jhowlerl4@springer.com,Female,79.154.29.129
762,Carmencita,Willett,cwillettl5@i2i.jp,Female,171.128.178.232
763,Ernesto,Swinnard,eswinnardl6@angelfire.com,Male,125.33.59.32
764,Ty,Cisec,tcisecl7@youtube.com,Male,55.123.107.0
765,Papageno,Wealthall,pwealthalll8@phoca.cz,Male,81.179.198.133
766,Ardeen,George,ageorgel9@paginegialle.it,Female,192.253.2.65
767,Silas,Freear,sfreearla@weebly.com,Male,79.108.130.192
768,Matty,Hallihan,mhallihanlb@bloglovin.com,Female,32.136.207.206
769,Nikaniki,Evitts,nevittslc@prweb.com,Female,57.243.172.177
770,Abramo,Carvill,acarvillld@is.gd,Male,115.101.222.12
771,Rafferty,Cairns,rcairnsle@ibm.com,Male,30.41.170.12
772,Clemente,Samett,csamettlf@google.co.uk,Male,18.56.43.215
773,Sheena,Headan,sheadanlg@java.com,Female,191.25.13.154
774,Shelia,Rubinow,srubinowlh@guardian.co.uk,Female,52.211.175.214
775,Wyndham,Correa,wcorreali@bandcamp.com,Male,35.29.236.111
776,Claudetta,Hammarberg,chammarberglj@engadget.com,Female,99.142.192.130
777,Ian,Fradgley,ifradgleylk@imgur.com,Male,223.9.195.249
778,Nicole,Hodjetts,nhodjettsll@mediafire.com,Female,254.105.48.182
779,Maribeth,Smithies,msmithieslm@blogtalkradio.com,Female,165.129.6.179
780,Bennett,Aldren,baldrenln@comcast.net,Male,33.76.70.186
781,Johnathon,Chaplyn,jchaplynlo@amazon.com,Male,229.180.9.248
782,Ella,Gerrill,egerrilllp@dailymotion.com,Female,116.239.143.148
783,Babette,Seebright,bseebrightlq@wired.com,Female,189.200.189.225
784,Carena,Balwin,cbalwinlr@geocities.jp,Female,36.170.149.202
785,Kristoforo,Zottoli,kzottolils@spotify.com,Male,227.151.221.169
786,Colan,Catford,ccatfordlt@tinypic.com,Male,183.141.141.211
787,Ezekiel,Keatch,ekeatchlu@parallels.com,Male,225.60.23.124
788,Glendon,McQuode,gmcquodelv@skyrock.com,Male,109.127.210.60
789,Richardo,Beton,rbetonlw@fc2.com,Male,229.223.22.203
790,Abagail,O'Gready,aogreadylx@wufoo.com,Female,195.59.232.183
791,Aurilia,Leeburn,aleeburnly@google.de,Female,247.235.200.66
792,Otha,Lace,olacelz@nasa.gov,Female,60.168.202.230
793,Jard,Boxer,jboxerm0@nifty.com,Male,19.14.50.131
794,Ernesto,Lindmark,elindmarkm1@friendfeed.com,Male,193.154.63.137
795,Brit,Coldman,bcoldmanm2@photobucket.com,Male,229.161.158.78
796,Gwenni,Leworthy,gleworthym3@va.gov,Female,200.77.95.204
797,Clare,Scrymgeour,cscrymgeourm4@google.co.jp,Female,58.156.218.96
798,Anya,Braisted,abraistedm5@amazon.com,Female,212.174.42.141
799,Dennis,Eaden,deadenm6@bandcamp.com,Male,142.27.124.212
800,Ana,Betser,abetserm7@typepad.com,Female,0.138.130.3
801,Abby,Wickerson,awickersonm8@cmu.edu,Male,138.54.235.43
802,Cathi,Mirams,cmiramsm9@constantcontact.com,Female,129.1.45.246
803,Rosmunda,Tustin,rtustinma@hud.gov,Female,53.131.2.159
804,Bram,Orris,borrismb@comcast.net,Male,179.225.234.37
805,Ivonne,Bardell,ibardellmc@usatoday.com,Female,169.56.104.98
806,Merrilee,Kellard,mkellardmd@go.com,Female,28.129.177.57
807,Merola,Siman,msimanme@live.com,Female,234.234.224.6
808,Frazer,Wiltshaw,fwiltshawmf@tinypic.com,Male,85.104.200.39
809,Benedicto,Collumbell,bcollumbellmg@behance.net,Male,53.131.19.16
810,Nonie,Stairs,nstairsmh@dropbox.com,Female,16.27.80.217
811,Sharai,Beric,sbericmi@biblegateway.com,Female,85.31.30.72
812,Alessandra,Crowche,acrowchemj@biglobe.ne.jp,Female,131.184.202.69
813,Elke,Mirando,emirandomk@quantcast.com,Female,28.167.101.128
814,Bobina,Cleever,bcleeverml@pcworld.com,Female,46.242.234.178
815,Boyd,Waldock,bwaldockmm@google.com.br,Male,19.140.240.79
816,Zackariah,Gronw,zgronwmn@list-manage.com,Male,63.97.5.62
817,Brand,Leversha,blevershamo@edublogs.org,Male,211.114.175.78
818,Lancelot,Redfield,lredfieldmp@unc.edu,Male,65.171.124.138
819,Emory,Francescuccio,efrancescucciomq@qq.com,Male,76.20.7.189
820,Catrina,Brocket,cbrocketmr@delicious.com,Female,19.176.29.92
821,Oliviero,Grahamslaw,ograhamslawms@vkontakte.ru,Male,106.239.33.243
822,Odilia,Vose,ovosemt@mac.com,Female,224.176.253.199
823,Rivy,Lucius,rluciusmu@ehow.com,Female,212.156.98.49
824,Jamie,Brammall,jbrammallmv@godaddy.com,Male,60.224.198.169
825,Josephine,Izen,jizenmw@youtu.be,Female,31.223.238.113
826,Felizio,Colmore,fcolmoremx@symantec.com,Male,175.194.44.12
827,Lucias,Brand-Hardy,lbrandhardymy@utexas.edu,Male,66.135.30.190
828,Felecia,Fain,ffainmz@flavors.me,Female,141.38.42.96
829,Ruth,Stooders,rstoodersn0@exblog.jp,Female,203.72.253.218
830,Milt,Langelay,mlangelayn1@phpbb.com,Male,133.174.102.249
831,Ignacio,Nasey,inaseyn2@foxnews.com,Male,24.86.37.220
832,Emelen,Martinson,emartinsonn3@msn.com,Male,76.176.210.155
833,Andres,Reddington,areddingtonn4@about.me,Male,89.225.64.103
834,Vanny,Titmarsh,vtitmarshn5@yahoo.com,Female,253.61.193.161
835,Franklin,Mallord,fmallordn6@mediafire.com,Male,35.103.245.247
836,Dedie,Lucas,dlucasn7@cdbaby.com,Female,223.123.60.125
837,Stella,Raddenbury,sraddenburyn8@nih.gov,Female,72.243.200.115
838,Gizela,Baal,gbaaln9@goo.ne.jp,Female,32.201.53.219
839,Zerk,Gurner,zgurnerna@sun.com,Male,233.130.93.71
840,Karlotte,Parchment,kparchmentnb@berkeley.edu,Female,234.16.70.60
841,Friedrich,MacAllen,fmacallennc@biglobe.ne.jp,Male,141.146.114.253
842,Tallou,Oxby,toxbynd@diigo.com,Female,158.72.240.232
843,Cheslie,Andras,candrasne@ow.ly,Female,139.27.67.165
844,Alfy,Flucks,aflucksnf@cmu.edu,Male,196.65.97.36
845,Darrel,Frude,dfrudeng@stanford.edu,Male,95.198.193.249
846,Sanford,Ketchell,sketchellnh@wunderground.com,Male,76.9.110.47
847,Minna,Colliss,mcollissni@washington.edu,Female,163.116.121.68
848,Francklyn,Kunc,fkuncnj@smugmug.com,Male,172.9.110.114
849,Star,Lethley,slethleynk@reddit.com,Female,89.194.251.137
850,Mommy,Syder,msydernl@scientificamerican.com,Female,198.155.174.219
851,Tadd,Alleyn,talleynnm@apache.org,Male,116.141.39.153
852,Geoffry,Cuckson,gcucksonnn@dion.ne.jp,Male,111.114.26.43
853,Rinaldo,McGillivrie,rmcgillivrieno@xing.com,Male,232.19.118.162
854,Zahara,Jurries,zjurriesnp@addthis.com,Female,87.2.130.133
855,Ellynn,Lazer,elazernq@pcworld.com,Female,102.78.91.244
856,Twila,Mellmer,tmellmernr@wsj.com,Female,17.136.151.41
857,Marys,Yukhnov,myukhnovns@dropbox.com,Female,113.153.68.160
858,Justus,Leathwood,jleathwoodnt@com.com,Male,209.224.114.63
859,Burke,Reynold,breynoldnu@google.co.uk,Male,55.92.250.154
860,Addy,Verbeek,averbeeknv@mtv.com,Female,101.169.240.81
861,Belinda,Franseco,bfranseconw@imgur.com,Female,125.243.164.236
862,Tamqrah,Costanza,tcostanzanx@weibo.com,Female,154.44.98.33
863,Myrna,Gambles,mgamblesny@phoca.cz,Female,163.204.233.46
864,Chelsey,Dumbelton,cdumbeltonnz@51.la,Female,86.120.50.176
865,Rene,Luney,rluneyo0@google.com.br,Female,134.241.54.99
866,Dayle,Gleeton,dgleetono1@friendfeed.com,Female,53.38.54.240
867,Gladys,Elcocks,gelcockso2@123-reg.co.uk,Female,148.175.196.127
868,Axe,D'Alesio,adalesioo3@sfgate.com,Male,71.122.69.79
869,Gigi,Livzey,glivzeyo4@alexa.com,Female,204.10.152.253
870,Corabella,Caldero,ccalderoo5@joomla.org,Female,50.72.17.168
871,Shelly,Yankov,syankovo6@simplemachines.org,Female,58.66.38.185
872,Chiarra,Norgan,cnorgano7@vk.com,Female,5.127.66.127
873,Roxana,Hitzke,rhitzkeo8@cyberchimps.com,Female,22.179.100.227
874,Gregorio,De Bruijn,gdebruijno9@netvibes.com,Male,235.16.178.214
875,Renaldo,Duerdin,rduerdinoa@sbwire.com,Male,3.7.71.82
876,Tarra,MacQueen,tmacqueenob@de.vu,Female,72.110.122.17
877,Rivy,Irnys,rirnysoc@washingtonpost.com,Female,243.11.207.233
878,Alisander,Kinner,akinnerod@alibaba.com,Male,120.46.229.84
879,Klarika,Eacott,keacottoe@washingtonpost.com,Female,51.173.67.85
880,Alexandre,Landon,alandonof@cbslocal.com,Male,107.224.251.237
881,Ari,Greenall,agreenallog@wunderground.com,Male,168.62.163.251
882,Keven,Caveney,kcaveneyoh@themeforest.net,Male,1.53.247.186
883,Freemon,Sellick,fsellickoi@vk.com,Male,57.159.79.205
884,Ianthe,Greensall,igreensalloj@sohu.com,Female,236.85.89.246
885,Dore,Truelove,dtrueloveok@twitpic.com,Male,176.209.122.171
886,Marlo,Moynihan,mmoynihanol@wp.com,Female,219.245.105.95
887,Derward,Loutheane,dloutheaneom@sina.com.cn,Male,137.69.228.109
888,Teddi,Mabley,tmableyon@google.nl,Female,185.58.43.254
889,Monika,Blackney,mblackneyoo@washington.edu,Female,83.244.192.246
890,Rodrick,Sisneros,rsisnerosop@redcross.org,Male,176.57.90.217
891,Saba,Heilds,sheildsoq@parallels.com,Female,108.66.190.58
892,Alastair,Richardot,arichardotor@japanpost.jp,Male,196.146.188.149
893,Budd,Perrett,bperrettos@canalblog.com,Male,152.227.150.157
894,Bud,Lumsdale,blumsdaleot@tmall.com,Male,133.245.193.159
895,Dana,Burgum,dburgumou@yellowbook.com,Male,109.178.32.145
896,Kristo,Clipson,kclipsonov@msu.edu,Male,68.167.73.220
897,Burch,Heasly,bheaslyow@jalbum.net,Male,161.50.148.37
898,Tabor,Discombe,tdiscombeox@ebay.com,Male,21.89.182.44
899,Cullin,Cleynman,ccleynmanoy@altervista.org,Male,82.178.199.116
900,Emmery,Targe,etargeoz@creativecommons.org,Male,245.141.106.137
901,Elinore,Ambrose,eambrosep0@sina.com.cn,Female,154.115.50.35
902,Rebecca,MacCroary,rmaccroaryp1@privacy.gov.au,Female,14.201.190.143
903,Charmian,Brampton,cbramptonp2@yale.edu,Female,151.162.117.132
904,Thorny,Martynikhin,tmartynikhinp3@jigsy.com,Male,243.137.174.227
905,Rhodie,Masic,rmasicp4@vk.com,Female,227.2.156.234
906,Lennard,Danielot,ldanielotp5@github.io,Male,175.214.213.41
907,Raleigh,Antonelli,rantonellip6@spotify.com,Male,183.96.39.151
908,Corrine,Mehew,cmehewp7@meetup.com,Female,164.7.39.90
909,Noam,Jailler,njaillerp8@yellowbook.com,Male,82.129.219.156
910,Sophia,Mollene,smollenep9@histats.com,Female,98.22.169.247
911,Glyn,Oddy,goddypa@apple.com,Male,124.165.201.185
912,Phineas,Laverack,plaverackpb@multiply.com,Male,27.178.247.202
913,Annaliese,Smallacombe,asmallacombepc@acquirethisname.com,Female,114.209.100.25
914,Isabelle,Jochanany,ijochananypd@google.pl,Female,217.254.235.135
915,Prue,Garric,pgarricpe@sohu.com,Female,115.87.40.191
916,Blair,Chapling,bchaplingpf@craigslist.org,Female,177.137.109.246
917,Karol,Trickett,ktrickettpg@discovery.com,Female,203.128.76.201
918,Gawain,Desmond,gdesmondph@answers.com,Male,134.143.5.8
919,Elyn,Ickovic,eickovicpi@thetimes.co.uk,Female,114.142.238.194
920,Arte,Stackbridge,astackbridgepj@paginegialle.it,Male,237.223.168.64
921,Erda,Gobbet,egobbetpk@nsw.gov.au,Female,225.192.152.128
922,Orsola,Pettingill,opettingillpl@ox.ac.uk,Female,170.1.17.67
923,Ailis,Awcoate,aawcoatepm@prlog.org,Female,49.44.221.218
924,Gardie,Gossan,ggossanpn@tripod.com,Male,227.248.12.247
925,Emmalyn,Castellani,ecastellanipo@nih.gov,Female,51.252.27.12
926,Kip,Brambell,kbrambellpp@guardian.co.uk,Male,108.22.228.14
927,Elvis,Downey,edowneypq@people.com.cn,Male,179.4.111.227
928,Thurston,Box,tboxpr@irs.gov,Male,83.234.21.222
929,Bathsheba,Winscomb,bwinscombps@mashable.com,Female,65.254.99.77
930,Tandie,Deniscke,tdenisckept@creativecommons.org,Female,226.243.5.139
931,Obidiah,Rudderham,orudderhampu@lycos.com,Male,223.67.124.255
932,Brianna,Lunam,blunampv@people.com.cn,Female,141.198.209.205
933,Charlean,Lopez,clopezpw@domainmarket.com,Female,63.139.27.154
934,Ibby,Dear,idearpx@bloomberg.com,Female,216.20.20.187
935,Claudette,Shoutt,cshouttpy@a8.net,Female,70.138.120.158
936,Cass,Pauel,cpauelpz@yellowbook.com,Female,108.205.200.36
937,Ethelred,Canape,ecanapeq0@columbia.edu,Male,61.251.62.12
938,Davidde,Skatcher,dskatcherq1@opensource.org,Male,242.86.58.101
939,Aguie,Snoxall,asnoxallq2@ed.gov,Male,137.226.76.37
940,Kimbra,Kingham,kkinghamq3@deviantart.com,Female,81.30.167.201
941,Lothaire,Collet,lcolletq4@infoseek.co.jp,Male,165.122.131.252
942,Jenelle,Nicholson,jnicholsonq5@a8.net,Female,216.117.170.253
943,Devland,Cassy,dcassyq6@uiuc.edu,Male,169.103.226.70
944,Sybila,Skottle,sskottleq7@army.mil,Female,69.126.152.154
945,Bryanty,Barajaz,bbarajazq8@time.com,Male,179.9.151.19
946,Paolo,Siddall,psiddallq9@oaic.gov.au,Male,22.81.165.52
947,Leela,Deely,ldeelyqa@rediff.com,Female,41.69.253.111
948,Eustace,Cattle,ecattleqb@uiuc.edu,Male,74.12.106.179
949,Eddie,O'Conor,eoconorqc@biblegateway.com,Male,155.8.82.65
950,Sebastian,Haffenden,shaffendenqd@msu.edu,Male,14.151.4.92
951,Bobbi,Brophy,bbrophyqe@sina.com.cn,Female,141.186.114.210
952,Eduardo,Gosse,egosseqf@fastcompany.com,Male,23.112.4.103
953,Beryle,Hast,bhastqg@yolasite.com,Female,125.115.157.41
954,Leticia,Overington,loveringtonqh@ihg.com,Female,3.12.179.150
955,Delphine,Mewha,dmewhaqi@amazon.de,Female,57.244.237.124
956,Lian,Boncoeur,lboncoeurqj@wix.com,Female,212.215.84.105
957,Rebekah,O'Downe,rodowneqk@youtu.be,Female,59.128.115.105
958,Meaghan,Martynka,mmartynkaql@yelp.com,Female,95.220.198.21
959,Emlynne,Grinov,egrinovqm@mozilla.org,Female,14.14.169.75
960,Mabel,Coggen,mcoggenqn@ucsd.edu,Female,61.135.147.187
961,Joscelin,Uc,jucqo@prweb.com,Female,77.60.103.136
962,Alister,Varden,avardenqp@geocities.jp,Male,74.33.137.62
963,Cchaddie,Stainfield,cstainfieldqq@shutterfly.com,Male,129.142.197.254
964,Carrol,Delcastel,cdelcastelqr@com.com,Male,20.146.203.153
965,Netty,Temperley,ntemperleyqs@irs.gov,Female,211.153.193.11
966,Carolin,Valerius,cvaleriusqt@nih.gov,Female,238.201.206.213
967,Hildagard,Postan,hpostanqu@ft.com,Female,120.92.41.215
968,Freddy,Brigham,fbrighamqv@hatena.ne.jp,Male,253.105.147.248
969,Murvyn,Tynnan,mtynnanqw@t-online.de,Male,215.246.92.120
970,Kaila,Cossor,kcossorqx@vistaprint.com,Female,184.163.151.198
971,Odella,Pettersen,opettersenqy@angelfire.com,Female,206.29.15.153
972,Vergil,Swindles,vswindlesqz@trellian.com,Male,46.67.166.17
973,Damian,Lynagh,dlynaghr0@prlog.org,Male,115.54.201.64
974,Lavina,Barnett,lbarnettr1@ehow.com,Female,110.90.92.26
975,Jourdain,Chiverton,jchivertonr2@amazon.com,Male,187.164.161.50
976,Boot,Klimecki,bklimeckir3@utexas.edu,Male,199.181.117.134
977,Harold,Claricoates,hclaricoatesr4@twitpic.com,Male,25.63.13.32
978,Bellina,Bellow,bbellowr5@wisc.edu,Female,135.0.76.87
979,Tessy,Benfell,tbenfellr6@globo.com,Female,227.149.185.177
980,Ragnar,Moxsom,rmoxsomr7@nyu.edu,Male,154.186.202.11
981,Georges,Whitta,gwhittar8@google.ca,Male,122.190.41.29
982,Elnar,Wickersley,ewickersleyr9@ebay.co.uk,Male,222.73.231.182
983,Amerigo,Rouke,aroukera@telegraph.co.uk,Male,71.122.120.23
984,Putnem,Brachell,pbrachellrb@upenn.edu,Male,100.214.16.255
985,Kayne,Krook,kkrookrc@webeden.co.uk,Male,42.84.178.85
986,Mozes,Simenon,msimenonrd@cmu.edu,Male,55.161.232.33
987,Carlo,Gowanlock,cgowanlockre@google.it,Male,180.140.99.147
988,Leonanie,Dundredge,ldundredgerf@noaa.gov,Female,101.172.189.139
989,Worden,Prys,wprysrg@si.edu,Male,115.93.243.29
990,Price,Minister,pministerrh@livejournal.com,Male,175.226.172.7
991,Thorpe,Skedgell,tskedgellri@wunderground.com,Male,35.162.177.159
992,Bernetta,O'Shea,boshearj@mapy.cz,Female,184.66.141.203
993,Henry,Cavalier,hcavalierrk@sohu.com,Male,131.10.65.125
994,Hewett,Sollis,hsollisrl@uol.com.br,Male,168.221.224.127
995,Olav,Benne,obennerm@blogtalkradio.com,Male,32.160.180.32
996,Bennett,Dowers,bdowersrn@mashable.com,Male,142.173.216.195
997,Mandy,Sore,msorero@blogger.com,Female,95.118.93.126
998,Clarie,Saffer,csafferrp@networkadvertising.org,Female,108.82.148.76
999,Josselyn,Kisar,jkisarrq@shutterfly.com,Female,212.253.103.204
1000,Ceil,Kilroy,ckilroyrr@bandcamp.com,Female,238.21.210.126
